{
    "mae": 0.10540334456071991,
    "rmse": 0.2919689215815585,
    "r2_score": 0.8896318019683186
}