{
    "mae": 0.31292215134713863,
    "rmse": 0.48097556475842357,
    "r2_score": 0.5668739354469523
}