{
    "mae": 0.08195611299694468,
    "rmse": 0.20855161279117054,
    "r2_score": 0.9436884079598041
}