{
    "mae": 0.3280348914617866,
    "rmse": 0.46494453336988456,
    "r2_score": 0.5952651656071388
}