{
    "mae": 0.3230964738280892,
    "rmse": 0.4604684523292726,
    "r2_score": 0.6030205231219216
}