{
    "mae": 0.08259866837968069,
    "rmse": 0.20889826404585177,
    "r2_score": 0.9435010518699116
}